<?xml version="1.0" encoding="UTF-8"?>
<metadata xml:lang="en"><Esri><CreaDate>20120926</CreaDate><CreaTime>16330600</CreaTime><ArcGISFormat>1.0</ArcGISFormat><ArcGISstyle>XTools Pro Metadata</ArcGISstyle><SyncOnce>TRUE</SyncOnce><DataProperties><lineage><Process ToolSource="C:\Program Files\ArcGIS\Desktop10.0\ArcToolbox\Toolboxes\Data Management Tools.tbx\CalculateField" Date="20120823" Time="112858">CalculateField Mysore_with_data Density "[T_POP] / [Shape_Area]" VB #</Process><Process ToolSource="C:\Program Files\ArcGIS\Desktop10.0\ArcToolbox\Toolboxes\Data Management Tools.tbx\CalculateField" Date="20120823" Time="113011">CalculateField Mysore_with_data Area_Km "[Shape_Area] /1000000" VB #</Process><Process ToolSource="C:\Program Files\ArcGIS\Desktop10.0\ArcToolbox\Toolboxes\Data Management Tools.tbx\CalculateField" Date="20120823" Time="113051">CalculateField Mysore_with_data Density "[T_POP] / [Area_Km]" VB #</Process><Process ToolSource="C:\Program Files\ArcGIS\Desktop10.0\ArcToolbox\Toolboxes\Data Management Tools.tbx\CalculateField" Date="20120823" Time="113152">CalculateField Mysore_with_data Density "[T_POP] / [Shape_Area]" VB #</Process><Process ToolSource="C:\Program Files\ArcGIS\Desktop10.0\ArcToolbox\Toolboxes\Data Management Tools.tbx\CalculateField" Date="20120926" Time="155937">CalculateField Mysore_with_data Density "[Shape_Area] / [T_POP]" VB #</Process><Process ToolSource="C:\Program Files\ArcGIS\Desktop10.0\ArcToolbox\Toolboxes\Data Management Tools.tbx\CalculateField" Date="20120926" Time="160002">CalculateField Mysore_with_data Density "[Area_Km] / [T_POP]" VB #</Process><Process ToolSource="C:\Program Files\ArcGIS\Desktop10.0\ArcToolbox\Toolboxes\Data Management Tools.tbx\CalculateField" Date="20120926" Time="160020">CalculateField Mysore_with_data Density "[Shape_Area] / [T_POP]" VB #</Process><Process ToolSource="C:\Program Files\ArcGIS\Desktop10.0\ArcToolbox\Toolboxes\Data Management Tools.tbx\CalculateField" Date="20120926" Time="160045">CalculateField Mysore_with_data Density "[Area_Km] / [T_POP]" VB #</Process><Process ToolSource="C:\Program Files\ArcGIS\Desktop10.0\ArcToolbox\Toolboxes\Data Management Tools.tbx\CalculateField" Date="20120926" Time="160107">CalculateField Mysore_with_data Area_Mt [Area_Km] VB #</Process><Process ToolSource="C:\Program Files\ArcGIS\Desktop10.0\ArcToolbox\Toolboxes\Data Management Tools.tbx\CalculateField" Date="20120926" Time="160359">CalculateField Mysore_with_data Density "[T_POP] / [Area_Mt]" VB #</Process><Process ToolSource="C:\Program Files\ArcGIS\Desktop10.0\ArcToolbox\Toolboxes\Data Management Tools.tbx\CalculateField" Date="20120926" Time="161406">CalculateField Mysore_with_data Density "[T_POP] / [Area_Mt]" VB #</Process><Process ToolSource="C:\Program Files\ArcGIS\Desktop10.0\ArcToolbox\Toolboxes\Data Management Tools.tbx\CalculateField" Date="20120926" Time="161439">CalculateField Mysore_with_data Area_Km "[T_POP] / [Area_Km]" VB #</Process><Process ToolSource="C:\Program Files\ArcGIS\Desktop10.0\ArcToolbox\Toolboxes\Data Management Tools.tbx\CalculateField" Date="20120926" Time="161511">CalculateField Mysore_with_data Density "[T_POP] / [Area_Km]" VB #</Process><Process ToolSource="C:\Program Files\ArcGIS\Desktop10.0\ArcToolbox\Toolboxes\Data Management Tools.tbx\CalculateField" Date="20120926" Time="161526">CalculateField Mysore_with_data Density "[T_POP] / [Area_Km]" VB #</Process></lineage></DataProperties></Esri></metadata>
