<?xml version="1.0" encoding="UTF-8"?>
<metadata xml:lang="en"><Esri><CreaDate>20210723</CreaDate><CreaTime>14474600</CreaTime><ArcGISFormat>1.0</ArcGISFormat><SyncOnce>FALSE</SyncOnce><DataProperties><itemProps><itemName Sync="TRUE">OSM_50K_2021</itemName><imsContentType Sync="TRUE">002</imsContentType><itemSize Sync="TRUE">0.000</itemSize><itemLocation><linkage Sync="TRUE">file://\\DESKTOP-NPALS6M\D\DATABASE\OSM_50K_2021.mdb</linkage><protocol Sync="TRUE">Local Area Network</protocol></itemLocation></itemProps><coordRef><type Sync="TRUE">Projected</type><geogcsn Sync="TRUE">GCS_WGS_1984</geogcsn><csUnits Sync="TRUE">Linear Unit: Meter (1.000000)</csUnits><projcsn Sync="TRUE">LCC_WGS84</projcsn><peXml Sync="TRUE">&lt;ProjectedCoordinateSystem xsi:type='typens:ProjectedCoordinateSystem' xmlns:xsi='http://www.w3.org/2001/XMLSchema-instance' xmlns:xs='http://www.w3.org/2001/XMLSchema' xmlns:typens='http://www.esri.com/schemas/ArcGIS/10.7'&gt;&lt;WKT&gt;PROJCS[&amp;quot;LCC_WGS84&amp;quot;,GEOGCS[&amp;quot;GCS_WGS_1984&amp;quot;,DATUM[&amp;quot;D_WGS_1984&amp;quot;,SPHEROID[&amp;quot;WGS_1984&amp;quot;,6378137.0,298.257223563]],PRIMEM[&amp;quot;Greenwich&amp;quot;,0.0],UNIT[&amp;quot;Degree&amp;quot;,0.0174532925199433]],PROJECTION[&amp;quot;Lambert_Conformal_Conic&amp;quot;],PARAMETER[&amp;quot;False_Easting&amp;quot;,4000000.0],PARAMETER[&amp;quot;False_Northing&amp;quot;,4000000.0],PARAMETER[&amp;quot;Central_Meridian&amp;quot;,80.0],PARAMETER[&amp;quot;Standard_Parallel_1&amp;quot;,12.472944],PARAMETER[&amp;quot;Standard_Parallel_2&amp;quot;,35.172806],PARAMETER[&amp;quot;Scale_Factor&amp;quot;,1.0],PARAMETER[&amp;quot;Latitude_Of_Origin&amp;quot;,24.0],UNIT[&amp;quot;Meter&amp;quot;,1.0]]&lt;/WKT&gt;&lt;XOrigin&gt;-35091300&lt;/XOrigin&gt;&lt;YOrigin&gt;-22777300&lt;/YOrigin&gt;&lt;XYScale&gt;10000&lt;/XYScale&gt;&lt;ZOrigin&gt;-100000&lt;/ZOrigin&gt;&lt;ZScale&gt;10000&lt;/ZScale&gt;&lt;MOrigin&gt;-100000&lt;/MOrigin&gt;&lt;MScale&gt;10000&lt;/MScale&gt;&lt;XYTolerance&gt;0.001&lt;/XYTolerance&gt;&lt;ZTolerance&gt;0.001&lt;/ZTolerance&gt;&lt;MTolerance&gt;0.001&lt;/MTolerance&gt;&lt;HighPrecision&gt;true&lt;/HighPrecision&gt;&lt;/ProjectedCoordinateSystem&gt;</peXml></coordRef><lineage><Process ToolSource="c:\program files (x86)\arcgis\desktop10.7\ArcToolbox\Toolboxes\Conversion Tools.tbx\FeatureClassToFeatureClass" Date="20210716" Time="164055">FeatureClassToFeatureClass T:\1_DAD_SECTION\LCCWGS84.dgn\Polyline "T:\1_DAD_SECTION\New Folder" lccwgs84_mesh.shp # "Entity "Entity" true true false 16 Text 0 0 ,First,#,T:\1_DAD_SECTION\LCCWGS84.dgn\Polyline,Entity,-1,-1;Handle "Handle" true true false 16 Text 0 0 ,First,#,T:\1_DAD_SECTION\LCCWGS84.dgn\Polyline,Handle,-1,-1;Level "Level" true true false 4 Long 0 0 ,First,#,T:\1_DAD_SECTION\LCCWGS84.dgn\Polyline,Level,-1,-1;Layer "Layer" true true false 255 Text 0 0 ,First,#,T:\1_DAD_SECTION\LCCWGS84.dgn\Polyline,Layer,-1,-1;LvlDesc "LvlDesc" true true false 255 Text 0 0 ,First,#,T:\1_DAD_SECTION\LCCWGS84.dgn\Polyline,LvlDesc,-1,-1;LyrFrzn "LyrFrzn" true true false 2 Short 0 0 ,First,#,T:\1_DAD_SECTION\LCCWGS84.dgn\Polyline,LyrFrzn,-1,-1;LyrLock "LyrLock" true true false 2 Short 0 0 ,First,#,T:\1_DAD_SECTION\LCCWGS84.dgn\Polyline,LyrLock,-1,-1;LyrOn "LyrOn" true true false 2 Short 0 0 ,First,#,T:\1_DAD_SECTION\LCCWGS84.dgn\Polyline,LyrOn,-1,-1;LvlPlot "LvlPlot" true true false 2 Short 0 0 ,First,#,T:\1_DAD_SECTION\LCCWGS84.dgn\Polyline,LvlPlot,-1,-1;Color "Color" true true false 2 Short 0 0 ,First,#,T:\1_DAD_SECTION\LCCWGS84.dgn\Polyline,Color,-1,-1;EntColor "EntColor" true true false 2 Short 0 0 ,First,#,T:\1_DAD_SECTION\LCCWGS84.dgn\Polyline,EntColor,-1,-1;LyrColor "LyrColor" true true false 2 Short 0 0 ,First,#,T:\1_DAD_SECTION\LCCWGS84.dgn\Polyline,LyrColor,-1,-1;Linetype "Linetype" true true false 255 Text 0 0 ,First,#,T:\1_DAD_SECTION\LCCWGS84.dgn\Polyline,Linetype,-1,-1;EntLinetyp "EntLinetyp" true true false 255 Text 0 0 ,First,#,T:\1_DAD_SECTION\LCCWGS84.dgn\Polyline,EntLinetype,-1,-1;LyrLnType "LyrLnType" true true false 255 Text 0 0 ,First,#,T:\1_DAD_SECTION\LCCWGS84.dgn\Polyline,LyrLnType,-1,-1;Elevation "Elevation" true true false 8 Double 0 0 ,First,#,T:\1_DAD_SECTION\LCCWGS84.dgn\Polyline,Elevation,-1,-1;Class "Class" true true false 24 Text 0 0 ,First,#,T:\1_DAD_SECTION\LCCWGS84.dgn\Polyline,Class,-1,-1;GGroup "GGroup" true true false 2 Short 0 0 ,First,#,T:\1_DAD_SECTION\LCCWGS84.dgn\Polyline,GGroup,-1,-1;CadModel "CadModel" true true false 255 Text 0 0 ,First,#,T:\1_DAD_SECTION\LCCWGS84.dgn\Polyline,CadModel,-1,-1;Fill "Fill" true true false 2 Short 0 0 ,First,#,T:\1_DAD_SECTION\LCCWGS84.dgn\Polyline,Fill,-1,-1;LineWt "LineWt" true true false 2 Short 0 0 ,First,#,T:\1_DAD_SECTION\LCCWGS84.dgn\Polyline,LineWt,-1,-1;EntLineWt "EntLineWt" true true false 2 Short 0 0 ,First,#,T:\1_DAD_SECTION\LCCWGS84.dgn\Polyline,EntLineWt,-1,-1;LyrLineWt "LyrLineWt" true true false 2 Short 0 0 ,First,#,T:\1_DAD_SECTION\LCCWGS84.dgn\Polyline,LyrLineWt,-1,-1;RefName "RefName" true true false 255 Text 0 0 ,First,#,T:\1_DAD_SECTION\LCCWGS84.dgn\Polyline,RefName,-1,-1;LTScale "LTScale" true true false 8 Double 0 0 ,First,#,T:\1_DAD_SECTION\LCCWGS84.dgn\Polyline,LTScale,-1,-1;QrotW "QrotW" true true false 8 Double 0 0 ,First,#,T:\1_DAD_SECTION\LCCWGS84.dgn\Polyline,QrotW,-1,-1;QrotX "QrotX" true true false 8 Double 0 0 ,First,#,T:\1_DAD_SECTION\LCCWGS84.dgn\Polyline,QrotX,-1,-1;QrotY "QrotY" true true false 8 Double 0 0 ,First,#,T:\1_DAD_SECTION\LCCWGS84.dgn\Polyline,QrotY,-1,-1;QrotZ "QrotZ" true true false 8 Double 0 0 ,First,#,T:\1_DAD_SECTION\LCCWGS84.dgn\Polyline,QrotZ,-1,-1;DocName "DocName" true true false 255 Text 0 0 ,First,#,T:\1_DAD_SECTION\LCCWGS84.dgn\Polyline,DocName,-1,-1;DocPath "DocPath" true true false 4096 Text 0 0 ,First,#,T:\1_DAD_SECTION\LCCWGS84.dgn\Polyline,DocPath,-1,-1;DocType "DocType" true true false 32 Text 0 0 ,First,#,T:\1_DAD_SECTION\LCCWGS84.dgn\Polyline,DocType,-1,-1;DocVer "DocVer" true true false 16 Text 0 0 ,First,#,T:\1_DAD_SECTION\LCCWGS84.dgn\Polyline,DocVer,-1,-1" #</Process><Process ToolSource="c:\program files (x86)\arcgis\desktop10.7\ArcToolbox\Toolboxes\Data Management Tools.tbx\FeatureToPolygon" Date="20210716" Time="164200">FeatureToPolygon 'T:\1_DAD_SECTION\New Folder\lccwgs84_mesh.shp' "T:\1_DAD_SECTION\New Folder\lccwgs84_mesh_polygon.shp" # ATTRIBUTES #</Process><Process ToolSource="c:\program files (x86)\arcgis\desktop10.7\ArcToolbox\Toolboxes\Analysis Tools.tbx\SpatialJoin" Date="20210719" Time="101315">SpatialJoin lccwgs84_mesh_polygon OSM_50K_2020 "T:\1_DAD_SECTION\New Folder\DATABASE.mdb\OSM_50K_2021\OSM_50K_2021" JOIN_ONE_TO_ONE KEEP_ALL "Id "Id" true true false 6 Long 0 6 ,First,#,lccwgs84_mesh_polygon,Id,-1,-1;EVEREST_SHEET_NO "EVEREST_SHEET_NO" true true false 15 Text 0 0 ,First,#,OSM_50K_2020,EVEREST_SHEET_NO,-1,-1;OSM_SHEET_NO "OSM_SHEET_NO" true true false 15 Text 0 0 ,First,#,OSM_50K_2020,OSM_SHEET_NO,-1,-1;UPDATED "UPDATED" true true false 20 Text 0 0 ,First,#,OSM_50K_2020,UPDATED,-1,-1;YEAR_OF_SURVEY "YEAR_OF_SURVEY" true true false 20 Text 0 0 ,First,#,OSM_50K_2020,YEAR_OF_SURVEY,-1,-1;YEAR_OF_UPDATION "YEAR_OF_UPDATION" true true false 20 Text 0 0 ,First,#,OSM_50K_2020,YEAR_OF_UPDATION,-1,-1;RESTRICTED_ZONE "RESTRICTED_ZONE" true true false 20 Text 0 0 ,First,#,OSM_50K_2020,RESTRICTED_ZONE,-1,-1;DSM_LAYER_RESTRICTED_ZONE "DSM_LAYER_RESTRICTED_ZONE" true true false 10 Text 0 0 ,First,#,OSM_50K_2020,DSM_LAYER_RESTRICTED_ZONE,-1,-1;GSGS_CLEARENCE_RESTRICTED_ZONE "GSGS_CLEARENCE_RESTRICTED_ZONE" true true false 2 Text 0 0 ,First,#,OSM_50K_2020,GSGS_CLEARENCE_RESTRICTED_ZONE,-1,-1;FSC_CHECKING_BY "FSC_CHECKING_BY" true true false 10 Text 0 0 ,First,#,OSM_50K_2020,FSC_CHECKING_BY,-1,-1;RESPONSIBILITY_GDC "RESPONSIBILITY_GDC" true true false 10 Text 0 0 ,First,#,OSM_50K_2020,RESPONSIBILITY_GDC,-1,-1;RECEIVED_FROM "RECEIVED_FROM" true true false 30 Text 0 0 ,First,#,OSM_50K_2020,RECEIVED_FROM,-1,-1;DATE_OF_REC "DATE_OF_REC" true true false 8 Date 0 0 ,First,#,OSM_50K_2020,DATE_OF_REC,-1,-1;INVOICE_NO "INVOICE_NO" true true false 20 Text 0 0 ,First,#,OSM_50K_2020,INVOICE_NO,-1,-1;LETTER_NO_OSM "LETTER_NO_OSM" true true false 30 Text 0 0 ,First,#,OSM_50K_2020,LETTER_NO_OSM,-1,-1;CD_NO "CD_NO" true true false 2 Short 0 0 ,First,#,OSM_50K_2020,CD_NO,-1,-1;DVD_NO "DVD_NO" true true false 2 Short 0 0 ,First,#,OSM_50K_2020,DVD_NO,-1,-1;DUPLICATE_CD_NO "DUPLICATE_CD_NO" true true false 2 Short 0 0 ,First,#,OSM_50K_2020,DUPLICATE_CD_NO,-1,-1;READY_FOR_SALE "READY_FOR_SALE" true true false 2 Text 0 0 ,First,#,OSM_50K_2020,READY_FOR_SALE,-1,-1;FORMAT "FORMAT" true true false 20 Text 0 0 ,First,#,OSM_50K_2020,FORMAT,-1,-1;NWCornerLong "NWCornerLong" true true false 255 Text 0 0 ,First,#,OSM_50K_2020,NWCornerLong,-1,-1;NWCornerLat "NWCornerLat" true true false 255 Text 0 0 ,First,#,OSM_50K_2020,NWCornerLat,-1,-1;NECornerLong "NECornerLong" true true false 255 Text 0 0 ,First,#,OSM_50K_2020,NECornerLong,-1,-1;NECornerLat "NECornerLat" true true false 255 Text 0 0 ,First,#,OSM_50K_2020,NECornerLat,-1,-1;SWCornerLong "SWCornerLong" true true false 255 Text 0 0 ,First,#,OSM_50K_2020,SWCornerLong,-1,-1;SWCornerLat "SWCornerLat" true true false 255 Text 0 0 ,First,#,OSM_50K_2020,SWCornerLat,-1,-1;SECornerLong "SECornerLong" true true false 255 Text 0 0 ,First,#,OSM_50K_2020,SECornerLong,-1,-1;SECornerLat "SECornerLat" true true false 255 Text 0 0 ,First,#,OSM_50K_2020,SECornerLat,-1,-1;OSM_DATA "OSM_DATA" true true false 10 Text 0 0 ,First,#,OSM_50K_2020,OSM_DATA,-1,-1;DSM_DATA "DSM_DATA" true true false 10 Text 0 0 ,First,#,OSM_50K_2020,DSM_DATA,-1,-1;ARCHIEVED "ARCHIEVED" true true false 10 Text 0 0 ,First,#,OSM_50K_2020,ARCHIEVED,-1,-1;TEMP_ARC "TEMP_ARC" true true false 10 Text 0 0 ,First,#,OSM_50K_2020,TEMP_ARC,-1,-1;VERSION_2 "VERSION_2" true true false 10 Text 0 0 ,First,#,OSM_50K_2020,VERSION_2,-1,-1;VER_2_REC_FROM "VER_2_REC_FROM" true true false 50 Text 0 0 ,First,#,OSM_50K_2020,VER_2_REC_FROM,-1,-1;VER_2_REC_DATE "VER_2_REC_DATE" true true false 8 Date 0 0 ,First,#,OSM_50K_2020,VER_2_REC_DATE,-1,-1;VER_2_TEMP_ARC "VER_2_TEMP_ARC" true true false 10 Text 0 0 ,First,#,OSM_50K_2020,VER_2_TEMP_ARC,-1,-1;BP_CLEARENCE "BP_CLEARENCE" true true false 10 Text 0 0 ,First,#,OSM_50K_2020,BP_CLEARENCE,-1,-1;REMARKS "REMARKS" true true false 50 Text 0 0 ,First,#,OSM_50K_2020,REMARKS,-1,-1;OLD_CLASSIFICATION "OLD_CLASSIFICATION" true true false 50 Text 0 0 ,First,#,OSM_50K_2020,OLD_CLASSIFICATION,-1,-1;SEND_TO_GDC "SEND_TO_GDC" true true false 10 Text 0 0 ,First,#,OSM_50K_2020,SEND_TO_GDC,-1,-1;INV_NO_TO_GDC "INV_NO_TO_GDC" true true false 50 Text 0 0 ,First,#,OSM_50K_2020,INV_NO_TO_GDC,-1,-1;SEND_TO_GDC_DATE "SEND_TO_GDC_DATE" true true false 8 Date 0 0 ,First,#,OSM_50K_2020,SEND_TO_GDC_DATE,-1,-1;GEODATABASE_ARCHIEVED "GEODATABASE_ARCHIEVED" true true false 10 Text 0 0 ,First,#,OSM_50K_2020,GEODATABASE_ARCHIEVED,-1,-1;ALLOTED_TO_FOR_NRSC "ALLOTED_TO_FOR_NRSC" true true false 50 Text 0 0 ,First,#,OSM_50K_2020,ALLOTED_TO_FOR_NRSC,-1,-1;ALLOTMENT_DATE_NRSC "ALLOTMENT_DATE_NRSC" true true false 8 Date 0 0 ,First,#,OSM_50K_2020,ALLOTMENT_DATE_NRSC,-1,-1;CONT_GDB_READY "CONT_GDB_READY" true true false 10 Text 0 0 ,First,#,OSM_50K_2020,CONT_GDB_READY,-1,-1;DEMAND_EMRI "DEMAND_EMRI" true true false 10 Text 0 0 ,First,#,OSM_50K_2020,DEMAND_EMRI,-1,-1;GDB_REC_FOR_NRSC "GDB_REC_FOR_NRSC" true true false 10 Text 0 0 ,First,#,OSM_50K_2020,GDB_REC_FOR_NRSC,-1,-1;LETTER_NO_OF_REC_GDB "LETTER_NO_OF_REC_GDB" true true false 50 Text 0 0 ,First,#,OSM_50K_2020,LETTER_NO_OF_REC_GDB,-1,-1;contour_available "contour_available" true true false 10 Text 0 0 ,First,#,OSM_50K_2020,contour_available,-1,-1;CONT_SEND_GSGS "CONT_SEND_GSGS" true true false 50 Text 0 0 ,First,#,OSM_50K_2020,CONT_SEND_GSGS,-1,-1;INVOICE_NO_1 "INVOICE_NO_1" true true false 50 Text 0 0 ,First,#,OSM_50K_2020,INVOICE_NO_1,-1,-1;VER2_AS_PER_FSC "VER2_AS_PER_FSC" true true false 10 Text 0 0 ,First,#,OSM_50K_2020,VER2_AS_PER_FSC,-1,-1;VER1_AS_PER_FSC "VER1_AS_PER_FSC" true true false 10 Text 0 0 ,First,#,OSM_50K_2020,VER1_AS_PER_FSC,-1,-1;supplied_emri "supplied_emri" true true false 10 Text 0 0 ,First,#,OSM_50K_2020,supplied_emri,-1,-1;NRSC_STATUS "NRSC_STATUS" true true false 50 Text 0 0 ,First,#,OSM_50K_2020,NRSC_STATUS,-1,-1;QUALITY_ACCEPTED "QUALITY_ACCEPTED" true true false 50 Text 0 0 ,First,#,OSM_50K_2020,QUALITY_ACCEPTED,-1,-1;REARCHIVED "REARCHIVED" true true false 8 Date 0 0 ,First,#,OSM_50K_2020,REARCHIVED,-1,-1;GSGS_LAYER "GSGS_LAYER" true true false 50 Text 0 0 ,First,#,OSM_50K_2020,GSGS_LAYER,-1,-1;RESTRICTED_NEW "RESTRICTED_NEW" true true false 50 Text 0 0 ,First,#,OSM_50K_2020,RESTRICTED_NEW,-1,-1;SHP_AVAILABLE "SHP_AVAILABLE" true true false 50 Text 0 0 ,First,#,OSM_50K_2020,SHP_AVAILABLE,-1,-1;CYMK "CYMK" true true false 50 Text 0 0 ,First,#,OSM_50K_2020,CYMK,-1,-1;IB_EXISTS "IB_EXISTS" true true false 50 Text 0 0 ,First,#,OSM_50K_2020,IB_EXISTS,-1,-1;GEOMEDIA__FORMAT "GEOMEDIA__FORMAT" true true false 20 Text 0 0 ,First,#,OSM_50K_2020,GEOMEDIA__FORMAT,-1,-1;PDF_FORMAT "PDF_FORMAT" true true false 50 Text 0 0 ,First,#,OSM_50K_2020,PDF_FORMAT,-1,-1;DEM_AVAILABLE "DEM_AVAILABLE" true true false 50 Text 0 0 ,First,#,OSM_50K_2020,DEM_AVAILABLE,-1,-1;DVD_NUMBER "DVD_NUMBER" true true false 50 Text 0 0 ,First,#,OSM_50K_2020,DVD_NUMBER,-1,-1;ALMIRAH_No "ALMIRAH_No" true true false 2 Short 0 0 ,First,#,OSM_50K_2020,ALMIRAH_No,-1,-1;Rack_number "Rack_number" true true false 2 Short 0 0 ,First,#,OSM_50K_2020,Rack_number,-1,-1;FINAL_DTDB_ARCHIVED "FINAL_DTDB_ARCHIVED" true true false 50 Text 0 0 ,First,#,OSM_50K_2020,FINAL_DTDB_ARCHIVED,-1,-1;FINAL_DCDB_ARCHIVED "FINAL_DCDB_ARCHIVED" true true false 50 Text 0 0 ,First,#,OSM_50K_2020,FINAL_DCDB_ARCHIVED,-1,-1;PDF_FROM_GDC "PDF_FROM_GDC" true true false 50 Text 0 0 ,First,#,OSM_50K_2020,PDF_FROM_GDC,-1,-1;HINDI_VERSION_OSM_50K "HINDI_VERSION_OSM_50K" true true false 50 Text 0 0 ,First,#,OSM_50K_2020,HINDI_VERSION_OSM_50K,-1,-1;WEB_MAP_SERVICE "WEB_MAP_SERVICE" true true false 50 Text 0 0 ,First,#,OSM_50K_2020,WEB_MAP_SERVICE,-1,-1;MDB_SEND_TO_GISTC "MDB_SEND_TO_GISTC" true true false 50 Text 0 0 ,First,#,OSM_50K_2020,MDB_SEND_TO_GISTC,-1,-1;QTY_ACPT_SEND_TO_GDC "QTY_ACPT_SEND_TO_GDC" true true false 70 Text 0 0 ,First,#,OSM_50K_2020,QTY_ACPT_SEND_TO_GDC,-1,-1;HINDI_VERSION_50K_DCDB "HINDI_VERSION_50K_DCDB" true true false 50 Text 0 0 ,First,#,OSM_50K_2020,HINDI_VERSION_50K_DCDB,-1,-1;PDF_AVAILABLE "PDF_AVAILABLE" true true false 50 Text 0 0 ,First,#,OSM_50K_2020,PDF_AVAILABLE,-1,-1;CYMK_OSM_EXPOSED "CYMK_OSM_EXPOSED" true true false 50 Text 0 0 ,First,#,OSM_50K_2020,CYMK_OSM_EXPOSED,-1,-1;CYMK_AVAILABLE "CYMK_AVAILABLE" true true false 50 Text 0 0 ,First,#,OSM_50K_2020,CYMK_AVAILABLE,-1,-1;REMARK_FINAL_ARCHIVAL "REMARK_FINAL_ARCHIVAL" true true false 50 Text 0 0 ,First,#,OSM_50K_2020,REMARK_FINAL_ARCHIVAL,-1,-1;Send_to_GISTC "Send_to_GISTC" true true false 50 Text 0 0 ,First,#,OSM_50K_2020,Send_to_GISTC,-1,-1;GEOTIFF_AVAILABLE "GEOTIFF_AVAILABLE" true true false 50 Text 0 0 ,First,#,OSM_50K_2020,GEOTIFF_AVAILABLE,-1,-1;WMS_AVAILABLE "WMS_AVAILABLE" true true false 50 Text 0 0 ,First,#,OSM_50K_2020,WMS_AVAILABLE,-1,-1;LOC_LAC "LOC_LAC" true true false 20 Text 0 0 ,First,#,OSM_50K_2020,LOC_LAC,-1,-1;FOR_NGIS "FOR_NGIS" true true false 50 Text 0 0 ,First,#,OSM_50K_2020,FOR_NGIS,-1,-1;NSG_SUP "NSG_SUP" true true false 50 Text 0 0 ,First,#,OSM_50K_2020,NSG_SUP,-1,-1;RGI_SUPPLIED "RGI_SUPPLIED" true true false 50 Text 0 0 ,First,#,OSM_50K_2020,RGI_SUPPLIED,-1,-1;DATA_SHARING "DATA_SHARING" true true false 50 Text 0 0 ,First,#,OSM_50K_2020,DATA_SHARING,-1,-1;DATA_SHARING_HINDI "DATA_SHARING_HINDI" true true false 50 Text 0 0 ,First,#,OSM_50K_2020,DATA_SHARING_HINDI,-1,-1;EDUCATIONAL_SHEET "EDUCATIONAL_SHEET" true true false 50 Text 0 0 ,First,#,OSM_50K_2020,EDUCATIONAL_SHEET,-1,-1;WMS_DATA_SUP_INV_DATE "WMS_DATA_SUP_INV_DATE" true true false 50 Text 0 0 ,First,#,OSM_50K_2020,WMS_DATA_SUP_INV_DATE,-1,-1;WMS_SUPPLIED "WMS_SUPPLIED" true true false 50 Text 0 0 ,First,#,OSM_50K_2020,WMS_SUPPLIED,-1,-1;NARCO_DEMAND_SHP_2014 "NARCO_DEMAND_SHP_2014" true true false 50 Text 0 0 ,First,#,OSM_50K_2020,NARCO_DEMAND_SHP_2014,-1,-1;LAND_RESP_DEMAND "LAND_RESP_DEMAND" true true false 50 Text 0 0 ,First,#,OSM_50K_2020,LAND_RESP_DEMAND,-1,-1;mahesh "mahesh" true true false 50 Text 0 0 ,First,#,OSM_50K_2020,mahesh,-1,-1;WFS_ARCHIEVED "WFS_ARCHIEVED" true true false 50 Text 0 0 ,First,#,OSM_50K_2020,WFS_ARCHIEVED,-1,-1;WATERWAYS "WATERWAYS" true true false 50 Text 0 0 ,First,#,OSM_50K_2020,WATERWAYS,-1,-1;AIRPORT_AUTHORITY "AIRPORT_AUTHORITY" true true false 50 Text 0 0 ,First,#,OSM_50K_2020,AIRPORT_AUTHORITY,-1,-1;GEOPDF "GEOPDF" true true false 50 Text 0 0 ,First,#,OSM_50K_2020,GEOPDF,-1,-1;ISLANDS "ISLANDS" true true false 50 Text 0 0 ,First,#,OSM_50K_2020,ISLANDS,-1,-1;CGWB "CGWB" true true false 50 Text 0 0 ,First,#,OSM_50K_2020,CGWB,-1,-1;punjab_pdf_demand "punjab_pdf_demand" true true false 50 Text 0 0 ,First,#,OSM_50K_2020,punjab_pdf_demand,-1,-1;PDF_SUPPLIED_TO_GDC "PDF_SUPPLIED_TO_GDC" true true false 70 Text 0 0 ,First,#,OSM_50K_2020,PDF_SUPPLIED_TO_GDC,-1,-1;PRINTING_STATUS "PRINTING_STATUS" true true false 100 Text 0 0 ,First,#,OSM_50K_2020,PRINTING_STATUS,-1,-1;SHAPE_GDB_ARCHIVAL_DATE "SHAPE_GDB_ARCHIVAL_DATE" true true false 50 Text 0 0 ,First,#,OSM_50K_2020,SHAPE_GDB_ARCHIVAL_DATE,-1,-1;ALOTTED_FOR_SHP "ALOTTED_FOR_SHP" true true false 50 Text 0 0 ,First,#,OSM_50K_2020,ALOTTED_FOR_SHP,-1,-1;AOR "AOR" true true false 50 Text 0 0 ,First,#,OSM_50K_2020,AOR,-1,-1;CONTOUR_DEM_GISTC "CONTOUR_DEM_GISTC" true true false 50 Text 0 0 ,First,#,OSM_50K_2020,CONTOUR_DEM_GISTC,-1,-1;LED_PRINTING "LED_PRINTING" true true false 50 Text 0 0 ,First,#,OSM_50K_2020,LED_PRINTING,-1,-1;LED_PRINTING_HINDI "LED_PRINTING_HINDI" true true false 50 Text 0 0 ,First,#,OSM_50K_2020,LED_PRINTING_HINDI,-1,-1;LED_PRINTING_REGIONAL "LED_PRINTING_REGIONAL" true true false 50 Text 0 0 ,First,#,OSM_50K_2020,LED_PRINTING_REGIONAL,-1,-1;YEAR_OF_PUBLICATION "YEAR_OF_PUBLICATION" true true false 50 Text 0 0 ,First,#,OSM_50K_2020,YEAR_OF_PUBLICATION,-1,-1;EDITION_1 "EDITION_1" true true false 50 Text 0 0 ,First,#,OSM_50K_2020,EDITION_1,-1,-1;jpeg_UPLOADED "jpeg_UPLOADED" true true false 50 Text 0 0 ,First,#,OSM_50K_2020,jpeg_UPLOADED,-1,-1;DEM_AVAILABILITY "DEM_AVAILABILITY" true true false 20 Text 0 0 ,First,#,OSM_50K_2020,DEM_AVAILABILITY,-1,-1;READY_TO_SUPPLY "READY_TO_SUPPLY" true true false 50 Text 0 0 ,First,#,OSM_50K_2020,READY_TO_SUPPLY,-1,-1;Status_Geotiff "Status_Geotiff" true true false 50 Text 0 0 ,First,#,OSM_50K_2020,Status_Geotiff,-1,-1;RESTRICTED_ZONE_NEW "RESTRICTED_ZONE_NEW" true true false 30 Text 0 0 ,First,#,OSM_50K_2020,RESTRICTED_ZONE_NEW,-1,-1;DEM_CWC "DEM_CWC" true true false 50 Text 0 0 ,First,#,OSM_50K_2020,DEM_CWC,-1,-1;PRINT_STATUS_SGO "PRINT_STATUS_SGO" true true false 50 Text 0 0 ,First,#,OSM_50K_2020,PRINT_STATUS_SGO,-1,-1;Image_Planet "Image_Planet" true true false 50 Text 0 0 ,First,#,OSM_50K_2020,Image_Planet,-1,-1;DEM_PREPARATION_IN_HAND "DEM_PREPARATION_IN_HAND" true true false 50 Text 0 0 ,First,#,OSM_50K_2020,DEM_PREPARATION_IN_HAND,-1,-1;CLASSIFICATION_FOR_LEGEND "CLASSIFICATION_FOR_LEGEND" true true false 50 Text 0 0 ,First,#,OSM_50K_2020,CLASSIFICATION_FOR_LEGEND,-1,-1;PRINTED_AT "PRINTED_AT" true true false 20 Text 0 0 ,First,#,OSM_50K_2020,PRINTED_AT,-1,-1;SHAPE_Length "SHAPE_Length" false true true 8 Double 0 0 ,First,#,OSM_50K_2020,SHAPE_Length,-1,-1;SHAPE_Area "SHAPE_Area" false true true 8 Double 0 0 ,First,#,OSM_50K_2020,SHAPE_Area,-1,-1;READY_FOR_SALE_NEW "READY_FOR_SALE_NEW" true true false 30 Text 0 0 ,First,#,OSM_50K_2020,READY_FOR_SALE_NEW,-1,-1;DEMAND_IB_3480 "DEMAND_IB_3480" true true false 50 Text 0 0 ,First,#,OSM_50K_2020,DEMAND_IB_3480,-1,-1;PDF_EDITION "PDF_EDITION" true true false 70 Text 0 0 ,First,#,OSM_50K_2020,PDF_EDITION,-1,-1;remark_for_archival_2020 "remark_for_archival_2020" true true false 200 Text 0 0 ,First,#,OSM_50K_2020,remark_for_archival_2020,-1,-1;PRINT_STATUS_FROM_SGO_GDC_2020 "PRINT_STATUS_FROM_SGO_GDC_2020" true true false 50 Text 0 0 ,First,#,OSM_50K_2020,PRINT_STATUS_FROM_SGO_GDC_2020,-1,-1" HAVE_THEIR_CENTER_IN # #</Process></lineage></DataProperties><SyncDate>20210719</SyncDate><SyncTime>10130000</SyncTime><ModDate>20210719</ModDate><ModTime>10130000</ModTime></Esri><dataIdInfo><envirDesc Sync="TRUE"> Version 6.2 (Build 9200) ; Esri ArcGIS 10.7.1.11595</envirDesc><dataLang><languageCode value="eng" Sync="TRUE"></languageCode><countryCode value="IND" Sync="TRUE"></countryCode></dataLang><idCitation><resTitle Sync="TRUE">OSM_50K_2021</resTitle><presForm><PresFormCd value="005" Sync="TRUE"></PresFormCd></presForm></idCitation><spatRpType><SpatRepTypCd value="001" Sync="TRUE"></SpatRepTypCd></spatRpType></dataIdInfo><mdLang><languageCode value="eng" Sync="TRUE"></languageCode><countryCode value="IND" Sync="TRUE"></countryCode></mdLang><mdChar><CharSetCd value="004" Sync="TRUE"></CharSetCd></mdChar><distInfo><distFormat><formatName Sync="TRUE">Personal GeoDatabase Feature Class</formatName></distFormat><distTranOps><transSize Sync="TRUE">0.000</transSize></distTranOps></distInfo><mdHrLv><ScopeCd value="005" Sync="TRUE"></ScopeCd></mdHrLv><mdHrLvName Sync="TRUE">dataset</mdHrLvName><refSysInfo><RefSystem><refSysID><identCode code="0" Sync="TRUE"></identCode></refSysID></RefSystem></refSysInfo><spatRepInfo><VectSpatRep><geometObjs Name="OSM_50K_2021"><geoObjTyp><GeoObjTypCd value="002" Sync="TRUE"></GeoObjTypCd></geoObjTyp><geoObjCnt Sync="TRUE">0</geoObjCnt></geometObjs><topLvl><TopoLevCd value="001" Sync="TRUE"></TopoLevCd></topLvl></VectSpatRep></spatRepInfo><spdoinfo><ptvctinf><esriterm Name="OSM_50K_2021"><efeatyp Sync="TRUE">Simple</efeatyp><efeageom code="4" Sync="TRUE"></efeageom><esritopo Sync="TRUE">FALSE</esritopo><efeacnt Sync="TRUE">0</efeacnt><spindex Sync="TRUE">TRUE</spindex><linrefer Sync="TRUE">FALSE</linrefer></esriterm></ptvctinf></spdoinfo><eainfo><detailed Name="OSM_50K_2021"><enttyp><enttypl Sync="TRUE">OSM_50K_2021</enttypl><enttypt Sync="TRUE">Feature Class</enttypt><enttypc Sync="TRUE">0</enttypc></enttyp><attr><attrlabl Sync="TRUE">OBJECTID</attrlabl><attalias Sync="TRUE">FID</attalias><attrtype Sync="TRUE">OID</attrtype><attwidth Sync="TRUE">4</attwidth><atprecis Sync="TRUE">0</atprecis><attscale Sync="TRUE">0</attscale><attrdef Sync="TRUE">Internal feature number.</attrdef><attrdefs Sync="TRUE">Esri</attrdefs><attrdomv><udom Sync="TRUE">Sequential unique whole numbers that are automatically generated.</udom></attrdomv></attr><attr><attrlabl Sync="TRUE">Shape</attrlabl><attalias Sync="TRUE">Shape</attalias><attrtype Sync="TRUE">Geometry</attrtype><attwidth Sync="TRUE">0</attwidth><atprecis Sync="TRUE">0</atprecis><attscale Sync="TRUE">0</attscale><attrdef Sync="TRUE">Feature geometry.</attrdef><attrdefs Sync="TRUE">Esri</attrdefs><attrdomv><udom Sync="TRUE">Coordinates defining the features.</udom></attrdomv></attr><attr><attrlabl Sync="TRUE">Join_Count</attrlabl><attalias Sync="TRUE">Join_Count</attalias><attrtype Sync="TRUE">Integer</attrtype><attwidth Sync="TRUE">4</attwidth><atprecis Sync="TRUE">0</atprecis><attscale Sync="TRUE">0</attscale></attr><attr><attrlabl Sync="TRUE">TARGET_FID</attrlabl><attalias Sync="TRUE">TARGET_FID</attalias><attrtype Sync="TRUE">Integer</attrtype><attwidth Sync="TRUE">4</attwidth><atprecis Sync="TRUE">0</atprecis><attscale Sync="TRUE">0</attscale></attr><attr><attrlabl Sync="TRUE">Id</attrlabl><attalias Sync="TRUE">Id</attalias><attrtype Sync="TRUE">Integer</attrtype><attwidth Sync="TRUE">4</attwidth><atprecis Sync="TRUE">0</atprecis><attscale Sync="TRUE">0</attscale></attr><attr><attrlabl Sync="TRUE">EVEREST_SHEET_NO</attrlabl><attalias Sync="TRUE">EVEREST_SHEET_NO</attalias><attrtype Sync="TRUE">String</attrtype><attwidth Sync="TRUE">15</attwidth><atprecis Sync="TRUE">0</atprecis><attscale Sync="TRUE">0</attscale></attr><attr><attrlabl Sync="TRUE">OSM_SHEET_NO</attrlabl><attalias Sync="TRUE">OSM_SHEET_NO</attalias><attrtype Sync="TRUE">String</attrtype><attwidth Sync="TRUE">15</attwidth><atprecis Sync="TRUE">0</atprecis><attscale Sync="TRUE">0</attscale></attr><attr><attrlabl Sync="TRUE">UPDATED</attrlabl><attalias Sync="TRUE">UPDATED</attalias><attrtype Sync="TRUE">String</attrtype><attwidth Sync="TRUE">20</attwidth><atprecis Sync="TRUE">0</atprecis><attscale Sync="TRUE">0</attscale></attr><attr><attrlabl Sync="TRUE">YEAR_OF_SURVEY</attrlabl><attalias Sync="TRUE">YEAR_OF_SURVEY</attalias><attrtype Sync="TRUE">String</attrtype><attwidth Sync="TRUE">20</attwidth><atprecis Sync="TRUE">0</atprecis><attscale Sync="TRUE">0</attscale></attr><attr><attrlabl Sync="TRUE">YEAR_OF_UPDATION</attrlabl><attalias Sync="TRUE">YEAR_OF_UPDATION</attalias><attrtype Sync="TRUE">String</attrtype><attwidth Sync="TRUE">20</attwidth><atprecis Sync="TRUE">0</atprecis><attscale Sync="TRUE">0</attscale></attr><attr><attrlabl Sync="TRUE">RESTRICTED_ZONE</attrlabl><attalias Sync="TRUE">RESTRICTED_ZONE</attalias><attrtype Sync="TRUE">String</attrtype><attwidth Sync="TRUE">20</attwidth><atprecis Sync="TRUE">0</atprecis><attscale Sync="TRUE">0</attscale></attr><attr><attrlabl Sync="TRUE">DSM_LAYER_RESTRICTED_ZONE</attrlabl><attalias Sync="TRUE">DSM_LAYER_RESTRICTED_ZONE</attalias><attrtype Sync="TRUE">String</attrtype><attwidth Sync="TRUE">10</attwidth><atprecis Sync="TRUE">0</atprecis><attscale Sync="TRUE">0</attscale></attr><attr><attrlabl Sync="TRUE">GSGS_CLEARENCE_RESTRICTED_ZONE</attrlabl><attalias Sync="TRUE">GSGS_CLEARENCE_RESTRICTED_ZONE</attalias><attrtype Sync="TRUE">String</attrtype><attwidth Sync="TRUE">2</attwidth><atprecis Sync="TRUE">0</atprecis><attscale Sync="TRUE">0</attscale></attr><attr><attrlabl Sync="TRUE">FSC_CHECKING_BY</attrlabl><attalias Sync="TRUE">FSC_CHECKING_BY</attalias><attrtype Sync="TRUE">String</attrtype><attwidth Sync="TRUE">10</attwidth><atprecis Sync="TRUE">0</atprecis><attscale Sync="TRUE">0</attscale></attr><attr><attrlabl Sync="TRUE">RESPONSIBILITY_GDC</attrlabl><attalias Sync="TRUE">RESPONSIBILITY_GDC</attalias><attrtype Sync="TRUE">String</attrtype><attwidth Sync="TRUE">10</attwidth><atprecis Sync="TRUE">0</atprecis><attscale Sync="TRUE">0</attscale></attr><attr><attrlabl Sync="TRUE">RECEIVED_FROM</attrlabl><attalias Sync="TRUE">RECEIVED_FROM</attalias><attrtype Sync="TRUE">String</attrtype><attwidth Sync="TRUE">30</attwidth><atprecis Sync="TRUE">0</atprecis><attscale Sync="TRUE">0</attscale></attr><attr><attrlabl Sync="TRUE">DATE_OF_REC</attrlabl><attalias Sync="TRUE">DATE_OF_REC</attalias><attrtype Sync="TRUE">Date</attrtype><attwidth Sync="TRUE">8</attwidth><atprecis Sync="TRUE">0</atprecis><attscale Sync="TRUE">0</attscale></attr><attr><attrlabl Sync="TRUE">INVOICE_NO</attrlabl><attalias Sync="TRUE">INVOICE_NO</attalias><attrtype Sync="TRUE">String</attrtype><attwidth Sync="TRUE">20</attwidth><atprecis Sync="TRUE">0</atprecis><attscale Sync="TRUE">0</attscale></attr><attr><attrlabl Sync="TRUE">LETTER_NO_OSM</attrlabl><attalias Sync="TRUE">LETTER_NO_OSM</attalias><attrtype Sync="TRUE">String</attrtype><attwidth Sync="TRUE">30</attwidth><atprecis Sync="TRUE">0</atprecis><attscale Sync="TRUE">0</attscale></attr><attr><attrlabl Sync="TRUE">CD_NO</attrlabl><attalias Sync="TRUE">CD_NO</attalias><attrtype Sync="TRUE">SmallInteger</attrtype><attwidth Sync="TRUE">2</attwidth><atprecis Sync="TRUE">0</atprecis><attscale Sync="TRUE">0</attscale></attr><attr><attrlabl Sync="TRUE">DVD_NO</attrlabl><attalias Sync="TRUE">DVD_NO</attalias><attrtype Sync="TRUE">SmallInteger</attrtype><attwidth Sync="TRUE">2</attwidth><atprecis Sync="TRUE">0</atprecis><attscale Sync="TRUE">0</attscale></attr><attr><attrlabl Sync="TRUE">DUPLICATE_CD_NO</attrlabl><attalias Sync="TRUE">DUPLICATE_CD_NO</attalias><attrtype Sync="TRUE">SmallInteger</attrtype><attwidth Sync="TRUE">2</attwidth><atprecis Sync="TRUE">0</atprecis><attscale Sync="TRUE">0</attscale></attr><attr><attrlabl Sync="TRUE">READY_FOR_SALE</attrlabl><attalias Sync="TRUE">READY_FOR_SALE</attalias><attrtype Sync="TRUE">String</attrtype><attwidth Sync="TRUE">2</attwidth><atprecis Sync="TRUE">0</atprecis><attscale Sync="TRUE">0</attscale></attr><attr><attrlabl Sync="TRUE">FORMAT</attrlabl><attalias Sync="TRUE">FORMAT</attalias><attrtype Sync="TRUE">String</attrtype><attwidth Sync="TRUE">20</attwidth><atprecis Sync="TRUE">0</atprecis><attscale Sync="TRUE">0</attscale></attr><attr><attrlabl Sync="TRUE">NWCornerLong</attrlabl><attalias Sync="TRUE">NWCornerLong</attalias><attrtype Sync="TRUE">String</attrtype><attwidth Sync="TRUE">255</attwidth><atprecis Sync="TRUE">0</atprecis><attscale Sync="TRUE">0</attscale></attr><attr><attrlabl Sync="TRUE">NWCornerLat</attrlabl><attalias Sync="TRUE">NWCornerLat</attalias><attrtype Sync="TRUE">String</attrtype><attwidth Sync="TRUE">255</attwidth><atprecis Sync="TRUE">0</atprecis><attscale Sync="TRUE">0</attscale></attr><attr><attrlabl Sync="TRUE">NECornerLong</attrlabl><attalias Sync="TRUE">NECornerLong</attalias><attrtype Sync="TRUE">String</attrtype><attwidth Sync="TRUE">255</attwidth><atprecis Sync="TRUE">0</atprecis><attscale Sync="TRUE">0</attscale></attr><attr><attrlabl Sync="TRUE">NECornerLat</attrlabl><attalias Sync="TRUE">NECornerLat</attalias><attrtype Sync="TRUE">String</attrtype><attwidth Sync="TRUE">255</attwidth><atprecis Sync="TRUE">0</atprecis><attscale Sync="TRUE">0</attscale></attr><attr><attrlabl Sync="TRUE">SWCornerLong</attrlabl><attalias Sync="TRUE">SWCornerLong</attalias><attrtype Sync="TRUE">String</attrtype><attwidth Sync="TRUE">255</attwidth><atprecis Sync="TRUE">0</atprecis><attscale Sync="TRUE">0</attscale></attr><attr><attrlabl Sync="TRUE">SWCornerLat</attrlabl><attalias Sync="TRUE">SWCornerLat</attalias><attrtype Sync="TRUE">String</attrtype><attwidth Sync="TRUE">255</attwidth><atprecis Sync="TRUE">0</atprecis><attscale Sync="TRUE">0</attscale></attr><attr><attrlabl Sync="TRUE">SECornerLong</attrlabl><attalias Sync="TRUE">SECornerLong</attalias><attrtype Sync="TRUE">String</attrtype><attwidth Sync="TRUE">255</attwidth><atprecis Sync="TRUE">0</atprecis><attscale Sync="TRUE">0</attscale></attr><attr><attrlabl Sync="TRUE">SECornerLat</attrlabl><attalias Sync="TRUE">SECornerLat</attalias><attrtype Sync="TRUE">String</attrtype><attwidth Sync="TRUE">255</attwidth><atprecis Sync="TRUE">0</atprecis><attscale Sync="TRUE">0</attscale></attr><attr><attrlabl Sync="TRUE">OSM_DATA</attrlabl><attalias Sync="TRUE">OSM_DATA</attalias><attrtype Sync="TRUE">String</attrtype><attwidth Sync="TRUE">10</attwidth><atprecis Sync="TRUE">0</atprecis><attscale Sync="TRUE">0</attscale></attr><attr><attrlabl Sync="TRUE">DSM_DATA</attrlabl><attalias Sync="TRUE">DSM_DATA</attalias><attrtype Sync="TRUE">String</attrtype><attwidth Sync="TRUE">10</attwidth><atprecis Sync="TRUE">0</atprecis><attscale Sync="TRUE">0</attscale></attr><attr><attrlabl Sync="TRUE">ARCHIEVED</attrlabl><attalias Sync="TRUE">ARCHIEVED</attalias><attrtype Sync="TRUE">String</attrtype><attwidth Sync="TRUE">10</attwidth><atprecis Sync="TRUE">0</atprecis><attscale Sync="TRUE">0</attscale></attr><attr><attrlabl Sync="TRUE">TEMP_ARC</attrlabl><attalias Sync="TRUE">TEMP_ARC</attalias><attrtype Sync="TRUE">String</attrtype><attwidth Sync="TRUE">10</attwidth><atprecis Sync="TRUE">0</atprecis><attscale Sync="TRUE">0</attscale></attr><attr><attrlabl Sync="TRUE">VERSION_2</attrlabl><attalias Sync="TRUE">VERSION_2</attalias><attrtype Sync="TRUE">String</attrtype><attwidth Sync="TRUE">10</attwidth><atprecis Sync="TRUE">0</atprecis><attscale Sync="TRUE">0</attscale></attr><attr><attrlabl Sync="TRUE">VER_2_REC_FROM</attrlabl><attalias Sync="TRUE">VER_2_REC_FROM</attalias><attrtype Sync="TRUE">String</attrtype><attwidth Sync="TRUE">50</attwidth><atprecis Sync="TRUE">0</atprecis><attscale Sync="TRUE">0</attscale></attr><attr><attrlabl Sync="TRUE">VER_2_REC_DATE</attrlabl><attalias Sync="TRUE">VER_2_REC_DATE</attalias><attrtype Sync="TRUE">Date</attrtype><attwidth Sync="TRUE">8</attwidth><atprecis Sync="TRUE">0</atprecis><attscale Sync="TRUE">0</attscale></attr><attr><attrlabl Sync="TRUE">VER_2_TEMP_ARC</attrlabl><attalias Sync="TRUE">VER_2_TEMP_ARC</attalias><attrtype Sync="TRUE">String</attrtype><attwidth Sync="TRUE">10</attwidth><atprecis Sync="TRUE">0</atprecis><attscale Sync="TRUE">0</attscale></attr><attr><attrlabl Sync="TRUE">BP_CLEARENCE</attrlabl><attalias Sync="TRUE">BP_CLEARENCE</attalias><attrtype Sync="TRUE">String</attrtype><attwidth Sync="TRUE">10</attwidth><atprecis Sync="TRUE">0</atprecis><attscale Sync="TRUE">0</attscale></attr><attr><attrlabl Sync="TRUE">REMARKS</attrlabl><attalias Sync="TRUE">REMARKS</attalias><attrtype Sync="TRUE">String</attrtype><attwidth Sync="TRUE">50</attwidth><atprecis Sync="TRUE">0</atprecis><attscale Sync="TRUE">0</attscale></attr><attr><attrlabl Sync="TRUE">OLD_CLASSIFICATION</attrlabl><attalias Sync="TRUE">OLD_CLASSIFICATION</attalias><attrtype Sync="TRUE">String</attrtype><attwidth Sync="TRUE">50</attwidth><atprecis Sync="TRUE">0</atprecis><attscale Sync="TRUE">0</attscale></attr><attr><attrlabl Sync="TRUE">SEND_TO_GDC</attrlabl><attalias Sync="TRUE">SEND_TO_GDC</attalias><attrtype Sync="TRUE">String</attrtype><attwidth Sync="TRUE">10</attwidth><atprecis Sync="TRUE">0</atprecis><attscale Sync="TRUE">0</attscale></attr><attr><attrlabl Sync="TRUE">INV_NO_TO_GDC</attrlabl><attalias Sync="TRUE">INV_NO_TO_GDC</attalias><attrtype Sync="TRUE">String</attrtype><attwidth Sync="TRUE">50</attwidth><atprecis Sync="TRUE">0</atprecis><attscale Sync="TRUE">0</attscale></attr><attr><attrlabl Sync="TRUE">SEND_TO_GDC_DATE</attrlabl><attalias Sync="TRUE">SEND_TO_GDC_DATE</attalias><attrtype Sync="TRUE">Date</attrtype><attwidth Sync="TRUE">8</attwidth><atprecis Sync="TRUE">0</atprecis><attscale Sync="TRUE">0</attscale></attr><attr><attrlabl Sync="TRUE">GEODATABASE_ARCHIEVED</attrlabl><attalias Sync="TRUE">GEODATABASE_ARCHIEVED</attalias><attrtype Sync="TRUE">String</attrtype><attwidth Sync="TRUE">10</attwidth><atprecis Sync="TRUE">0</atprecis><attscale Sync="TRUE">0</attscale></attr><attr><attrlabl Sync="TRUE">ALLOTED_TO_FOR_NRSC</attrlabl><attalias Sync="TRUE">ALLOTED_TO_FOR_NRSC</attalias><attrtype Sync="TRUE">String</attrtype><attwidth Sync="TRUE">50</attwidth><atprecis Sync="TRUE">0</atprecis><attscale Sync="TRUE">0</attscale></attr><attr><attrlabl Sync="TRUE">ALLOTMENT_DATE_NRSC</attrlabl><attalias Sync="TRUE">ALLOTMENT_DATE_NRSC</attalias><attrtype Sync="TRUE">Date</attrtype><attwidth Sync="TRUE">8</attwidth><atprecis Sync="TRUE">0</atprecis><attscale Sync="TRUE">0</attscale></attr><attr><attrlabl Sync="TRUE">CONT_GDB_READY</attrlabl><attalias Sync="TRUE">CONT_GDB_READY</attalias><attrtype Sync="TRUE">String</attrtype><attwidth Sync="TRUE">10</attwidth><atprecis Sync="TRUE">0</atprecis><attscale Sync="TRUE">0</attscale></attr><attr><attrlabl Sync="TRUE">DEMAND_EMRI</attrlabl><attalias Sync="TRUE">DEMAND_EMRI</attalias><attrtype Sync="TRUE">String</attrtype><attwidth Sync="TRUE">10</attwidth><atprecis Sync="TRUE">0</atprecis><attscale Sync="TRUE">0</attscale></attr><attr><attrlabl Sync="TRUE">GDB_REC_FOR_NRSC</attrlabl><attalias Sync="TRUE">GDB_REC_FOR_NRSC</attalias><attrtype Sync="TRUE">String</attrtype><attwidth Sync="TRUE">10</attwidth><atprecis Sync="TRUE">0</atprecis><attscale Sync="TRUE">0</attscale></attr><attr><attrlabl Sync="TRUE">LETTER_NO_OF_REC_GDB</attrlabl><attalias Sync="TRUE">LETTER_NO_OF_REC_GDB</attalias><attrtype Sync="TRUE">String</attrtype><attwidth Sync="TRUE">50</attwidth><atprecis Sync="TRUE">0</atprecis><attscale Sync="TRUE">0</attscale></attr><attr><attrlabl Sync="TRUE">contour_available</attrlabl><attalias Sync="TRUE">contour_available</attalias><attrtype Sync="TRUE">String</attrtype><attwidth Sync="TRUE">10</attwidth><atprecis Sync="TRUE">0</atprecis><attscale Sync="TRUE">0</attscale></attr><attr><attrlabl Sync="TRUE">CONT_SEND_GSGS</attrlabl><attalias Sync="TRUE">CONT_SEND_GSGS</attalias><attrtype Sync="TRUE">String</attrtype><attwidth Sync="TRUE">50</attwidth><atprecis Sync="TRUE">0</atprecis><attscale Sync="TRUE">0</attscale></attr><attr><attrlabl Sync="TRUE">INVOICE_NO_1</attrlabl><attalias Sync="TRUE">INVOICE_NO_1</attalias><attrtype Sync="TRUE">String</attrtype><attwidth Sync="TRUE">50</attwidth><atprecis Sync="TRUE">0</atprecis><attscale Sync="TRUE">0</attscale></attr><attr><attrlabl Sync="TRUE">VER2_AS_PER_FSC</attrlabl><attalias Sync="TRUE">VER2_AS_PER_FSC</attalias><attrtype Sync="TRUE">String</attrtype><attwidth Sync="TRUE">10</attwidth><atprecis Sync="TRUE">0</atprecis><attscale Sync="TRUE">0</attscale></attr><attr><attrlabl Sync="TRUE">VER1_AS_PER_FSC</attrlabl><attalias Sync="TRUE">VER1_AS_PER_FSC</attalias><attrtype Sync="TRUE">String</attrtype><attwidth Sync="TRUE">10</attwidth><atprecis Sync="TRUE">0</atprecis><attscale Sync="TRUE">0</attscale></attr><attr><attrlabl Sync="TRUE">supplied_emri</attrlabl><attalias Sync="TRUE">supplied_emri</attalias><attrtype Sync="TRUE">String</attrtype><attwidth Sync="TRUE">10</attwidth><atprecis Sync="TRUE">0</atprecis><attscale Sync="TRUE">0</attscale></attr><attr><attrlabl Sync="TRUE">NRSC_STATUS</attrlabl><attalias Sync="TRUE">NRSC_STATUS</attalias><attrtype Sync="TRUE">String</attrtype><attwidth Sync="TRUE">50</attwidth><atprecis Sync="TRUE">0</atprecis><attscale Sync="TRUE">0</attscale></attr><attr><attrlabl Sync="TRUE">QUALITY_ACCEPTED</attrlabl><attalias Sync="TRUE">QUALITY_ACCEPTED</attalias><attrtype Sync="TRUE">String</attrtype><attwidth Sync="TRUE">50</attwidth><atprecis Sync="TRUE">0</atprecis><attscale Sync="TRUE">0</attscale></attr><attr><attrlabl Sync="TRUE">REARCHIVED</attrlabl><attalias Sync="TRUE">REARCHIVED</attalias><attrtype Sync="TRUE">Date</attrtype><attwidth Sync="TRUE">8</attwidth><atprecis Sync="TRUE">0</atprecis><attscale Sync="TRUE">0</attscale></attr><attr><attrlabl Sync="TRUE">GSGS_LAYER</attrlabl><attalias Sync="TRUE">GSGS_LAYER</attalias><attrtype Sync="TRUE">String</attrtype><attwidth Sync="TRUE">50</attwidth><atprecis Sync="TRUE">0</atprecis><attscale Sync="TRUE">0</attscale></attr><attr><attrlabl Sync="TRUE">RESTRICTED_NEW</attrlabl><attalias Sync="TRUE">RESTRICTED_NEW</attalias><attrtype Sync="TRUE">String</attrtype><attwidth Sync="TRUE">50</attwidth><atprecis Sync="TRUE">0</atprecis><attscale Sync="TRUE">0</attscale></attr><attr><attrlabl Sync="TRUE">SHP_AVAILABLE</attrlabl><attalias Sync="TRUE">SHP_AVAILABLE</attalias><attrtype Sync="TRUE">String</attrtype><attwidth Sync="TRUE">50</attwidth><atprecis Sync="TRUE">0</atprecis><attscale Sync="TRUE">0</attscale></attr><attr><attrlabl Sync="TRUE">CYMK</attrlabl><attalias Sync="TRUE">CYMK</attalias><attrtype Sync="TRUE">String</attrtype><attwidth Sync="TRUE">50</attwidth><atprecis Sync="TRUE">0</atprecis><attscale Sync="TRUE">0</attscale></attr><attr><attrlabl Sync="TRUE">IB_EXISTS</attrlabl><attalias Sync="TRUE">IB_EXISTS</attalias><attrtype Sync="TRUE">String</attrtype><attwidth Sync="TRUE">50</attwidth><atprecis Sync="TRUE">0</atprecis><attscale Sync="TRUE">0</attscale></attr><attr><attrlabl Sync="TRUE">GEOMEDIA__FORMAT</attrlabl><attalias Sync="TRUE">GEOMEDIA__FORMAT</attalias><attrtype Sync="TRUE">String</attrtype><attwidth Sync="TRUE">20</attwidth><atprecis Sync="TRUE">0</atprecis><attscale Sync="TRUE">0</attscale></attr><attr><attrlabl Sync="TRUE">PDF_FORMAT</attrlabl><attalias Sync="TRUE">PDF_FORMAT</attalias><attrtype Sync="TRUE">String</attrtype><attwidth Sync="TRUE">50</attwidth><atprecis Sync="TRUE">0</atprecis><attscale Sync="TRUE">0</attscale></attr><attr><attrlabl Sync="TRUE">DEM_AVAILABLE</attrlabl><attalias Sync="TRUE">DEM_AVAILABLE</attalias><attrtype Sync="TRUE">String</attrtype><attwidth Sync="TRUE">50</attwidth><atprecis Sync="TRUE">0</atprecis><attscale Sync="TRUE">0</attscale></attr><attr><attrlabl Sync="TRUE">DVD_NUMBER</attrlabl><attalias Sync="TRUE">DVD_NUMBER</attalias><attrtype Sync="TRUE">String</attrtype><attwidth Sync="TRUE">50</attwidth><atprecis Sync="TRUE">0</atprecis><attscale Sync="TRUE">0</attscale></attr><attr><attrlabl Sync="TRUE">ALMIRAH_No</attrlabl><attalias Sync="TRUE">ALMIRAH_No</attalias><attrtype Sync="TRUE">SmallInteger</attrtype><attwidth Sync="TRUE">2</attwidth><atprecis Sync="TRUE">0</atprecis><attscale Sync="TRUE">0</attscale></attr><attr><attrlabl Sync="TRUE">Rack_number</attrlabl><attalias Sync="TRUE">Rack_number</attalias><attrtype Sync="TRUE">SmallInteger</attrtype><attwidth Sync="TRUE">2</attwidth><atprecis Sync="TRUE">0</atprecis><attscale Sync="TRUE">0</attscale></attr><attr><attrlabl Sync="TRUE">FINAL_DTDB_ARCHIVED</attrlabl><attalias Sync="TRUE">FINAL_DTDB_ARCHIVED</attalias><attrtype Sync="TRUE">String</attrtype><attwidth Sync="TRUE">50</attwidth><atprecis Sync="TRUE">0</atprecis><attscale Sync="TRUE">0</attscale></attr><attr><attrlabl Sync="TRUE">FINAL_DCDB_ARCHIVED</attrlabl><attalias Sync="TRUE">FINAL_DCDB_ARCHIVED</attalias><attrtype Sync="TRUE">String</attrtype><attwidth Sync="TRUE">50</attwidth><atprecis Sync="TRUE">0</atprecis><attscale Sync="TRUE">0</attscale></attr><attr><attrlabl Sync="TRUE">PDF_FROM_GDC</attrlabl><attalias Sync="TRUE">PDF_FROM_GDC</attalias><attrtype Sync="TRUE">String</attrtype><attwidth Sync="TRUE">50</attwidth><atprecis Sync="TRUE">0</atprecis><attscale Sync="TRUE">0</attscale></attr><attr><attrlabl Sync="TRUE">HINDI_VERSION_OSM_50K</attrlabl><attalias Sync="TRUE">HINDI_VERSION_OSM_50K</attalias><attrtype Sync="TRUE">String</attrtype><attwidth Sync="TRUE">50</attwidth><atprecis Sync="TRUE">0</atprecis><attscale Sync="TRUE">0</attscale></attr><attr><attrlabl Sync="TRUE">WEB_MAP_SERVICE</attrlabl><attalias Sync="TRUE">WEB_MAP_SERVICE</attalias><attrtype Sync="TRUE">String</attrtype><attwidth Sync="TRUE">50</attwidth><atprecis Sync="TRUE">0</atprecis><attscale Sync="TRUE">0</attscale></attr><attr><attrlabl Sync="TRUE">MDB_SEND_TO_GISTC</attrlabl><attalias Sync="TRUE">MDB_SEND_TO_GISTC</attalias><attrtype Sync="TRUE">String</attrtype><attwidth Sync="TRUE">50</attwidth><atprecis Sync="TRUE">0</atprecis><attscale Sync="TRUE">0</attscale></attr><attr><attrlabl Sync="TRUE">QTY_ACPT_SEND_TO_GDC</attrlabl><attalias Sync="TRUE">QTY_ACPT_SEND_TO_GDC</attalias><attrtype Sync="TRUE">String</attrtype><attwidth Sync="TRUE">70</attwidth><atprecis Sync="TRUE">0</atprecis><attscale Sync="TRUE">0</attscale></attr><attr><attrlabl Sync="TRUE">HINDI_VERSION_50K_DCDB</attrlabl><attalias Sync="TRUE">HINDI_VERSION_50K_DCDB</attalias><attrtype Sync="TRUE">String</attrtype><attwidth Sync="TRUE">50</attwidth><atprecis Sync="TRUE">0</atprecis><attscale Sync="TRUE">0</attscale></attr><attr><attrlabl Sync="TRUE">PDF_AVAILABLE</attrlabl><attalias Sync="TRUE">PDF_AVAILABLE</attalias><attrtype Sync="TRUE">String</attrtype><attwidth Sync="TRUE">50</attwidth><atprecis Sync="TRUE">0</atprecis><attscale Sync="TRUE">0</attscale></attr><attr><attrlabl Sync="TRUE">CYMK_OSM_EXPOSED</attrlabl><attalias Sync="TRUE">CYMK_OSM_EXPOSED</attalias><attrtype Sync="TRUE">String</attrtype><attwidth Sync="TRUE">50</attwidth><atprecis Sync="TRUE">0</atprecis><attscale Sync="TRUE">0</attscale></attr><attr><attrlabl Sync="TRUE">CYMK_AVAILABLE</attrlabl><attalias Sync="TRUE">CYMK_AVAILABLE</attalias><attrtype Sync="TRUE">String</attrtype><attwidth Sync="TRUE">50</attwidth><atprecis Sync="TRUE">0</atprecis><attscale Sync="TRUE">0</attscale></attr><attr><attrlabl Sync="TRUE">REMARK_FINAL_ARCHIVAL</attrlabl><attalias Sync="TRUE">REMARK_FINAL_ARCHIVAL</attalias><attrtype Sync="TRUE">String</attrtype><attwidth Sync="TRUE">50</attwidth><atprecis Sync="TRUE">0</atprecis><attscale Sync="TRUE">0</attscale></attr><attr><attrlabl Sync="TRUE">Send_to_GISTC</attrlabl><attalias Sync="TRUE">Send_to_GISTC</attalias><attrtype Sync="TRUE">String</attrtype><attwidth Sync="TRUE">50</attwidth><atprecis Sync="TRUE">0</atprecis><attscale Sync="TRUE">0</attscale></attr><attr><attrlabl Sync="TRUE">GEOTIFF_AVAILABLE</attrlabl><attalias Sync="TRUE">GEOTIFF_AVAILABLE</attalias><attrtype Sync="TRUE">String</attrtype><attwidth Sync="TRUE">50</attwidth><atprecis Sync="TRUE">0</atprecis><attscale Sync="TRUE">0</attscale></attr><attr><attrlabl Sync="TRUE">WMS_AVAILABLE</attrlabl><attalias Sync="TRUE">WMS_AVAILABLE</attalias><attrtype Sync="TRUE">String</attrtype><attwidth Sync="TRUE">50</attwidth><atprecis Sync="TRUE">0</atprecis><attscale Sync="TRUE">0</attscale></attr><attr><attrlabl Sync="TRUE">LOC_LAC</attrlabl><attalias Sync="TRUE">LOC_LAC</attalias><attrtype Sync="TRUE">String</attrtype><attwidth Sync="TRUE">20</attwidth><atprecis Sync="TRUE">0</atprecis><attscale Sync="TRUE">0</attscale></attr><attr><attrlabl Sync="TRUE">FOR_NGIS</attrlabl><attalias Sync="TRUE">FOR_NGIS</attalias><attrtype Sync="TRUE">String</attrtype><attwidth Sync="TRUE">50</attwidth><atprecis Sync="TRUE">0</atprecis><attscale Sync="TRUE">0</attscale></attr><attr><attrlabl Sync="TRUE">NSG_SUP</attrlabl><attalias Sync="TRUE">NSG_SUP</attalias><attrtype Sync="TRUE">String</attrtype><attwidth Sync="TRUE">50</attwidth><atprecis Sync="TRUE">0</atprecis><attscale Sync="TRUE">0</attscale></attr><attr><attrlabl Sync="TRUE">RGI_SUPPLIED</attrlabl><attalias Sync="TRUE">RGI_SUPPLIED</attalias><attrtype Sync="TRUE">String</attrtype><attwidth Sync="TRUE">50</attwidth><atprecis Sync="TRUE">0</atprecis><attscale Sync="TRUE">0</attscale></attr><attr><attrlabl Sync="TRUE">DATA_SHARING</attrlabl><attalias Sync="TRUE">DATA_SHARING</attalias><attrtype Sync="TRUE">String</attrtype><attwidth Sync="TRUE">50</attwidth><atprecis Sync="TRUE">0</atprecis><attscale Sync="TRUE">0</attscale></attr><attr><attrlabl Sync="TRUE">DATA_SHARING_HINDI</attrlabl><attalias Sync="TRUE">DATA_SHARING_HINDI</attalias><attrtype Sync="TRUE">String</attrtype><attwidth Sync="TRUE">50</attwidth><atprecis Sync="TRUE">0</atprecis><attscale Sync="TRUE">0</attscale></attr><attr><attrlabl Sync="TRUE">EDUCATIONAL_SHEET</attrlabl><attalias Sync="TRUE">EDUCATIONAL_SHEET</attalias><attrtype Sync="TRUE">String</attrtype><attwidth Sync="TRUE">50</attwidth><atprecis Sync="TRUE">0</atprecis><attscale Sync="TRUE">0</attscale></attr><attr><attrlabl Sync="TRUE">WMS_DATA_SUP_INV_DATE</attrlabl><attalias Sync="TRUE">WMS_DATA_SUP_INV_DATE</attalias><attrtype Sync="TRUE">String</attrtype><attwidth Sync="TRUE">50</attwidth><atprecis Sync="TRUE">0</atprecis><attscale Sync="TRUE">0</attscale></attr><attr><attrlabl Sync="TRUE">WMS_SUPPLIED</attrlabl><attalias Sync="TRUE">WMS_SUPPLIED</attalias><attrtype Sync="TRUE">String</attrtype><attwidth Sync="TRUE">50</attwidth><atprecis Sync="TRUE">0</atprecis><attscale Sync="TRUE">0</attscale></attr><attr><attrlabl Sync="TRUE">NARCO_DEMAND_SHP_2014</attrlabl><attalias Sync="TRUE">NARCO_DEMAND_SHP_2014</attalias><attrtype Sync="TRUE">String</attrtype><attwidth Sync="TRUE">50</attwidth><atprecis Sync="TRUE">0</atprecis><attscale Sync="TRUE">0</attscale></attr><attr><attrlabl Sync="TRUE">LAND_RESP_DEMAND</attrlabl><attalias Sync="TRUE">LAND_RESP_DEMAND</attalias><attrtype Sync="TRUE">String</attrtype><attwidth Sync="TRUE">50</attwidth><atprecis Sync="TRUE">0</atprecis><attscale Sync="TRUE">0</attscale></attr><attr><attrlabl Sync="TRUE">mahesh</attrlabl><attalias Sync="TRUE">mahesh</attalias><attrtype Sync="TRUE">String</attrtype><attwidth Sync="TRUE">50</attwidth><atprecis Sync="TRUE">0</atprecis><attscale Sync="TRUE">0</attscale></attr><attr><attrlabl Sync="TRUE">WFS_ARCHIEVED</attrlabl><attalias Sync="TRUE">WFS_ARCHIEVED</attalias><attrtype Sync="TRUE">String</attrtype><attwidth Sync="TRUE">50</attwidth><atprecis Sync="TRUE">0</atprecis><attscale Sync="TRUE">0</attscale></attr><attr><attrlabl Sync="TRUE">WATERWAYS</attrlabl><attalias Sync="TRUE">WATERWAYS</attalias><attrtype Sync="TRUE">String</attrtype><attwidth Sync="TRUE">50</attwidth><atprecis Sync="TRUE">0</atprecis><attscale Sync="TRUE">0</attscale></attr><attr><attrlabl Sync="TRUE">AIRPORT_AUTHORITY</attrlabl><attalias Sync="TRUE">AIRPORT_AUTHORITY</attalias><attrtype Sync="TRUE">String</attrtype><attwidth Sync="TRUE">50</attwidth><atprecis Sync="TRUE">0</atprecis><attscale Sync="TRUE">0</attscale></attr><attr><attrlabl Sync="TRUE">GEOPDF</attrlabl><attalias Sync="TRUE">GEOPDF</attalias><attrtype Sync="TRUE">String</attrtype><attwidth Sync="TRUE">50</attwidth><atprecis Sync="TRUE">0</atprecis><attscale Sync="TRUE">0</attscale></attr><attr><attrlabl Sync="TRUE">ISLANDS</attrlabl><attalias Sync="TRUE">ISLANDS</attalias><attrtype Sync="TRUE">String</attrtype><attwidth Sync="TRUE">50</attwidth><atprecis Sync="TRUE">0</atprecis><attscale Sync="TRUE">0</attscale></attr><attr><attrlabl Sync="TRUE">CGWB</attrlabl><attalias Sync="TRUE">CGWB</attalias><attrtype Sync="TRUE">String</attrtype><attwidth Sync="TRUE">50</attwidth><atprecis Sync="TRUE">0</atprecis><attscale Sync="TRUE">0</attscale></attr><attr><attrlabl Sync="TRUE">punjab_pdf_demand</attrlabl><attalias Sync="TRUE">punjab_pdf_demand</attalias><attrtype Sync="TRUE">String</attrtype><attwidth Sync="TRUE">50</attwidth><atprecis Sync="TRUE">0</atprecis><attscale Sync="TRUE">0</attscale></attr><attr><attrlabl Sync="TRUE">PDF_SUPPLIED_TO_GDC</attrlabl><attalias Sync="TRUE">PDF_SUPPLIED_TO_GDC</attalias><attrtype Sync="TRUE">String</attrtype><attwidth Sync="TRUE">70</attwidth><atprecis Sync="TRUE">0</atprecis><attscale Sync="TRUE">0</attscale></attr><attr><attrlabl Sync="TRUE">PRINTING_STATUS</attrlabl><attalias Sync="TRUE">PRINTING_STATUS</attalias><attrtype Sync="TRUE">String</attrtype><attwidth Sync="TRUE">100</attwidth><atprecis Sync="TRUE">0</atprecis><attscale Sync="TRUE">0</attscale></attr><attr><attrlabl Sync="TRUE">SHAPE_GDB_ARCHIVAL_DATE</attrlabl><attalias Sync="TRUE">SHAPE_GDB_ARCHIVAL_DATE</attalias><attrtype Sync="TRUE">String</attrtype><attwidth Sync="TRUE">50</attwidth><atprecis Sync="TRUE">0</atprecis><attscale Sync="TRUE">0</attscale></attr><attr><attrlabl Sync="TRUE">ALOTTED_FOR_SHP</attrlabl><attalias Sync="TRUE">ALOTTED_FOR_SHP</attalias><attrtype Sync="TRUE">String</attrtype><attwidth Sync="TRUE">50</attwidth><atprecis Sync="TRUE">0</atprecis><attscale Sync="TRUE">0</attscale></attr><attr><attrlabl Sync="TRUE">AOR</attrlabl><attalias Sync="TRUE">AOR</attalias><attrtype Sync="TRUE">String</attrtype><attwidth Sync="TRUE">50</attwidth><atprecis Sync="TRUE">0</atprecis><attscale Sync="TRUE">0</attscale></attr><attr><attrlabl Sync="TRUE">CONTOUR_DEM_GISTC</attrlabl><attalias Sync="TRUE">CONTOUR_DEM_GISTC</attalias><attrtype Sync="TRUE">String</attrtype><attwidth Sync="TRUE">50</attwidth><atprecis Sync="TRUE">0</atprecis><attscale Sync="TRUE">0</attscale></attr><attr><attrlabl Sync="TRUE">LED_PRINTING</attrlabl><attalias Sync="TRUE">LED_PRINTING</attalias><attrtype Sync="TRUE">String</attrtype><attwidth Sync="TRUE">50</attwidth><atprecis Sync="TRUE">0</atprecis><attscale Sync="TRUE">0</attscale></attr><attr><attrlabl Sync="TRUE">LED_PRINTING_HINDI</attrlabl><attalias Sync="TRUE">LED_PRINTING_HINDI</attalias><attrtype Sync="TRUE">String</attrtype><attwidth Sync="TRUE">50</attwidth><atprecis Sync="TRUE">0</atprecis><attscale Sync="TRUE">0</attscale></attr><attr><attrlabl Sync="TRUE">LED_PRINTING_REGIONAL</attrlabl><attalias Sync="TRUE">LED_PRINTING_REGIONAL</attalias><attrtype Sync="TRUE">String</attrtype><attwidth Sync="TRUE">50</attwidth><atprecis Sync="TRUE">0</atprecis><attscale Sync="TRUE">0</attscale></attr><attr><attrlabl Sync="TRUE">YEAR_OF_PUBLICATION</attrlabl><attalias Sync="TRUE">YEAR_OF_PUBLICATION</attalias><attrtype Sync="TRUE">String</attrtype><attwidth Sync="TRUE">50</attwidth><atprecis Sync="TRUE">0</atprecis><attscale Sync="TRUE">0</attscale></attr><attr><attrlabl Sync="TRUE">EDITION_1</attrlabl><attalias Sync="TRUE">EDITION_1</attalias><attrtype Sync="TRUE">String</attrtype><attwidth Sync="TRUE">50</attwidth><atprecis Sync="TRUE">0</atprecis><attscale Sync="TRUE">0</attscale></attr><attr><attrlabl Sync="TRUE">jpeg_UPLOADED</attrlabl><attalias Sync="TRUE">jpeg_UPLOADED</attalias><attrtype Sync="TRUE">String</attrtype><attwidth Sync="TRUE">50</attwidth><atprecis Sync="TRUE">0</atprecis><attscale Sync="TRUE">0</attscale></attr><attr><attrlabl Sync="TRUE">DEM_AVAILABILITY</attrlabl><attalias Sync="TRUE">DEM_AVAILABILITY</attalias><attrtype Sync="TRUE">String</attrtype><attwidth Sync="TRUE">20</attwidth><atprecis Sync="TRUE">0</atprecis><attscale Sync="TRUE">0</attscale></attr><attr><attrlabl Sync="TRUE">READY_TO_SUPPLY</attrlabl><attalias Sync="TRUE">READY_TO_SUPPLY</attalias><attrtype Sync="TRUE">String</attrtype><attwidth Sync="TRUE">50</attwidth><atprecis Sync="TRUE">0</atprecis><attscale Sync="TRUE">0</attscale></attr><attr><attrlabl Sync="TRUE">Status_Geotiff</attrlabl><attalias Sync="TRUE">Status_Geotiff</attalias><attrtype Sync="TRUE">String</attrtype><attwidth Sync="TRUE">50</attwidth><atprecis Sync="TRUE">0</atprecis><attscale Sync="TRUE">0</attscale></attr><attr><attrlabl Sync="TRUE">RESTRICTED_ZONE_NEW</attrlabl><attalias Sync="TRUE">RESTRICTED_ZONE_NEW</attalias><attrtype Sync="TRUE">String</attrtype><attwidth Sync="TRUE">30</attwidth><atprecis Sync="TRUE">0</atprecis><attscale Sync="TRUE">0</attscale></attr><attr><attrlabl Sync="TRUE">DEM_CWC</attrlabl><attalias Sync="TRUE">DEM_CWC</attalias><attrtype Sync="TRUE">String</attrtype><attwidth Sync="TRUE">50</attwidth><atprecis Sync="TRUE">0</atprecis><attscale Sync="TRUE">0</attscale></attr><attr><attrlabl Sync="TRUE">PRINT_STATUS_SGO</attrlabl><attalias Sync="TRUE">PRINT_STATUS_SGO</attalias><attrtype Sync="TRUE">String</attrtype><attwidth Sync="TRUE">50</attwidth><atprecis Sync="TRUE">0</atprecis><attscale Sync="TRUE">0</attscale></attr><attr><attrlabl Sync="TRUE">Image_Planet</attrlabl><attalias Sync="TRUE">Image_Planet</attalias><attrtype Sync="TRUE">String</attrtype><attwidth Sync="TRUE">50</attwidth><atprecis Sync="TRUE">0</atprecis><attscale Sync="TRUE">0</attscale></attr><attr><attrlabl Sync="TRUE">DEM_PREPARATION_IN_HAND</attrlabl><attalias Sync="TRUE">DEM_PREPARATION_IN_HAND</attalias><attrtype Sync="TRUE">String</attrtype><attwidth Sync="TRUE">50</attwidth><atprecis Sync="TRUE">0</atprecis><attscale Sync="TRUE">0</attscale></attr><attr><attrlabl Sync="TRUE">CLASSIFICATION_FOR_LEGEND</attrlabl><attalias Sync="TRUE">CLASSIFICATION_FOR_LEGEND</attalias><attrtype Sync="TRUE">String</attrtype><attwidth Sync="TRUE">50</attwidth><atprecis Sync="TRUE">0</atprecis><attscale Sync="TRUE">0</attscale></attr><attr><attrlabl Sync="TRUE">PRINTED_AT</attrlabl><attalias Sync="TRUE">PRINTED_AT</attalias><attrtype Sync="TRUE">String</attrtype><attwidth Sync="TRUE">20</attwidth><atprecis Sync="TRUE">0</atprecis><attscale Sync="TRUE">0</attscale></attr><attr><attrlabl Sync="TRUE">READY_FOR_SALE_NEW</attrlabl><attalias Sync="TRUE">READY_FOR_SALE_NEW</attalias><attrtype Sync="TRUE">String</attrtype><attwidth Sync="TRUE">30</attwidth><atprecis Sync="TRUE">0</atprecis><attscale Sync="TRUE">0</attscale></attr><attr><attrlabl Sync="TRUE">DEMAND_IB_3480</attrlabl><attalias Sync="TRUE">DEMAND_IB_3480</attalias><attrtype Sync="TRUE">String</attrtype><attwidth Sync="TRUE">50</attwidth><atprecis Sync="TRUE">0</atprecis><attscale Sync="TRUE">0</attscale></attr><attr><attrlabl Sync="TRUE">PDF_EDITION</attrlabl><attalias Sync="TRUE">PDF_EDITION</attalias><attrtype Sync="TRUE">String</attrtype><attwidth Sync="TRUE">70</attwidth><atprecis Sync="TRUE">0</atprecis><attscale Sync="TRUE">0</attscale></attr><attr><attrlabl Sync="TRUE">remark_for_archival_2020</attrlabl><attalias Sync="TRUE">remark_for_archival_2020</attalias><attrtype Sync="TRUE">String</attrtype><attwidth Sync="TRUE">200</attwidth><atprecis Sync="TRUE">0</atprecis><attscale Sync="TRUE">0</attscale></attr><attr><attrlabl Sync="TRUE">PRINT_STATUS_FROM_SGO_GDC_2020</attrlabl><attalias Sync="TRUE">PRINT_STATUS_FROM_SGO_GDC_2020</attalias><attrtype Sync="TRUE">String</attrtype><attwidth Sync="TRUE">50</attwidth><atprecis Sync="TRUE">0</atprecis><attscale Sync="TRUE">0</attscale></attr><attr><attrlabl Sync="TRUE">Shape_Length</attrlabl><attalias Sync="TRUE">Shape_Length</attalias><attrtype Sync="TRUE">Double</attrtype><attwidth Sync="TRUE">8</attwidth><atprecis Sync="TRUE">0</atprecis><attscale Sync="TRUE">0</attscale><attrdef Sync="TRUE">Length of feature in internal units.</attrdef><attrdefs Sync="TRUE">Esri</attrdefs><attrdomv><udom Sync="TRUE">Positive real numbers that are automatically generated.</udom></attrdomv></attr><attr><attrlabl Sync="TRUE">Shape_Area</attrlabl><attalias Sync="TRUE">Shape_Area</attalias><attrtype Sync="TRUE">Double</attrtype><attwidth Sync="TRUE">8</attwidth><atprecis Sync="TRUE">0</atprecis><attscale Sync="TRUE">0</attscale><attrdef Sync="TRUE">Area of feature in internal units squared.</attrdef><attrdefs Sync="TRUE">Esri</attrdefs><attrdomv><udom Sync="TRUE">Positive real numbers that are automatically generated.</udom></attrdomv></attr></detailed></eainfo><mdDateSt Sync="TRUE">20210719</mdDateSt></metadata>
